title,price,rating,Seller,Stock
Pilgrim Korean Vitamin C Face Serum | with 2% Alpha Arbutin & Blueberry | Anti Aging Facial Serum | Reduce Dark Spots | Improves Skin Tone & Texture | 1.01 Fl Oz/30ml,Not Mentioned,4.0 out of 5 stars,iKonbi,Not Available
Pilgrim Korean Lift & Firm Face Serum | with 1% Hyaluronic Acid + 0.5% Retinol | Anti Aging Serum with Pomegranate Extracts | Unisex Formula | 1.01 Fl Oz/30ml,Not Mentioned,4.1 out of 5 stars,iKonbi,Not Available
Pilgrim 24K Gold Face Serum | Infused with Hyaluronic Acid & Niacinamide | Enhance Natural Glow & Skin Texture | for Youthful Radiant Skin | 0.67 Fl Oz/20ml,Not Mentioned,3.9 out of 5 stars,iKonbi,Not Available
Pilgrim Skin Clarifying Serum | with 5% Niacinamide + 1% Alpha Arbutin | Prevent Future Breakouts | Reduce Acne Scars & Dark spots | Provide Clear Skin | 1.01 Fl Oz/30ml,Not Mentioned,4.1 out of 5 stars,iKonbi,Not Available
Pilgrim Korean Vitamin C Face Serum | Infused with Hyaluronic Acid & Kakadu Plum | Age-Defying Facial Serum | Eliminates Dark Circles | Provides Smooth Skin | 1.01 Fl Oz/30ml,Not Mentioned,3.9 out of 5 stars,iKonbi,Not Available
"Pilgrim 24K Gold Face Serum With Niacinamide & Acid, Dewy Primer For Face Make-Up For All Skin Types, Korean Skin Care For Unisex, 20ml",Not Mentioned,Previous page of related Sponsored Products,iKonbi,Not Available
"HKH Vitamin C Serum for Face, Anti Aging Serum with Hyaluronic Acid Supplements, Vitamin E, Reduces Wrinkles, Dark Spot Remover for Face, Retinol Serum for Face, Face Serum for Women",$9.99,4.2 out of 5 stars,HKH cosmetics,Not Available
"Pilgrim 24K Gold Face Serum With Niacinamide & Hyaluronic Acid, Dewy Primer For Face Make-Up For All Skin Types, Korean Skin Care For Unisex, 20ml",Not Mentioned,Previous set of slides,Not Mentioned,Not Available
Pi_lgrim//10% Vitamin C Face Serum For Daily Brightness 30 ml | Face serum for glowing skin | Reduces Dark Spots & Evens Skin Tone | Fragrance Free | For Men and Women | All Skin Types |,Not Mentioned,Previous page of related Sponsored Products,Not Mentioned,Not Available
Pil_grim Look Your Best Face Serum & Hair Serum Combo| Vitamin C Night Serum 30ml For Skin Brightening & Argan Oil Hair Serum 100ml For Silky Hair,Not Mentioned,Previous page of related Sponsored Products,Not Mentioned,Not Available
PIL_GRIM//Korean 2% Alpha Arbutin & 3% Vitamin C Brightening Face Serum for glowing skin| Alpha arbutin face serum|All skin types | Men & Women| Korean Skin Care| Vegan & Cruelty-free | 30ml,Not Mentioned,Previous page of related Sponsored Products,Not Mentioned,Not Available
"Edelweiss Essence: 30% Flower Extract Jelly Serum - Non-Sticky Hydration, Crafted by Renowned Korean Skincare Experts",$24.99,4.4 out of 5 stars,fleradi,Not Available
"L’OCCITANE Immortelle Divine Firming Face Cream: Visibly Reduce the Appearance of Wrinkles, Retinol Alternative, Smooth Skin, Target Age Spots, Daily Moisturizer for a Youthful Radiance, 1.7 oz.",Not Mentioned,4.5 out of 5 stars,Not Mentioned,Not Available
"SimplyVital Collagen, Retinol & Hyaluronic Acid Cream - Anti-Aging Face Moisturizer for Face, Neck & Décolleté - Made in USA, Daily Moisturizer Face Cream - 1.7 fl.oz.",$22.89,4.3 out of 5 stars,Alpha Plants Inc,Not Available
"Pro-Heal Serum Advance+ antioxidant-rich serum containing vitamin C, E, and A for redness, rosacea, inflammation",Not Mentioned,4.3 out of 5 stars,Not Mentioned,Not Available
Natural Collagen Serum for Women Face-Hydrating Peptide Serum for Face-Hyaluronic Acid Serum-Moisturizes Minimizes Pores-Anti-Aging Antioxidant Collagen Peptide Serum All Skin Oily Dry Sensitive,$26.75,4.3 out of 5 stars,Quarta Sponda LLC,Not Available
"Juice Beauty Stem Cellular Anti-Wrinkle Booster Serum - 30 mL - Reduces Look of Fine Lines + Wrinkles - Enhances Skin Tone + Texture - Vegan, Cruelty Free",$56.00,4.4 out of 5 stars,Juice Beauty Store,Not Available
PYUNKANG YUL Moisture Ampoule - Korean Serum for Face - Making Moisture Barrier Maintaining the Skin Moisturized - Rapid Soothing Daily for Oily and Combination Skin Types - 3.4 Fl Oz,$13.99,4.4 out of 5 stars,Pyunkang Yul,Not Available
PYUNKANG YUL Moisture Serum for Face - Korean Face Serum with Oriental herbs and Olive Oil giving Oil and Water Balance and Skin Calming Effect - Moisturizer for Oily and Combination Skin - 3.4 Fl Oz,$18.10,4.4 out of 5 stars,Pyunkang Yul,Not Available
"Eight Saints Retinol Skin Care Serum Treatment For Firming Face Lines & Eye Wrinkles, Deep Hydrating Facial Skincare Serum For Anti Aging, 1 Ounce",$40.00,4.8 out of 5 stars,Eight Saints Skincare LLC,Not Available
"Anti Aging Wrinkle Serum of 100% Pure Hyaluronic Acid for Face and Body - No Alcohol, 8 oz",$36.99,4.2 out of 5 stars,Direct 2u Wholesale LLC,Not Available
"ANUA RICE CERAMIDE 7 HYDRATING BARRIER SERUM, Brightening, Hydrating Serum for Face, Rice, Hyaluronic Acid, Niacinamide, Fragrance-free, Non comodogenic, Glass Skin, Korean Skin Care, 50ml/1.69fl.oz.",$17.00,4.5 out of 5 stars,Anua,Not Available
"Pyunkang Yul Calming Moisture Serum for Strong Daily Moisturizing Power, Skin Revival & Soothing Care with Centella Asiatica, Tea Tree, 5 Hyaluronic Acids, Ceramide |",$14.90,4.4 out of 5 stars,Pyunkang Yul,Not Available
